<?xml version="1.0" encoding="UTF-8"?>
<project-private xmlns="http://www.netbeans.org/ns/project-private/1">
    <editor-bookmarks xmlns="http://www.netbeans.org/ns/editor-bookmarks/2" lastBookmarkId="0"/>
    <open-files xmlns="http://www.netbeans.org/ns/projectui-open-files/2">
        <group>
            <file>file:/C:/Users/Acer/Desktop/New%20folder%20(3)/library%20system/src/search.java</file>
            <file>file:/C:/Users/Acer/Desktop/New%20folder%20(3)/library%20system/src/loginpage.java</file>
            <file>file:/C:/Users/Acer/Desktop/New%20folder%20(3)/library%20system/src/memberdetails.java</file>
            <file>file:/C:/Users/Acer/Desktop/New%20folder%20(3)/library%20system/src/bookinfo.java</file>
            <file>file:/C:/Users/Acer/Desktop/New%20folder%20(3)/library%20system/src/resavation1.java</file>
            <file>file:/C:/Users/Acer/Desktop/New%20folder%20(3)/library%20system/src/staffregistration.java</file>
            <file>file:/C:/Users/Acer/Desktop/New%20folder%20(3)/library%20system/src/bookupdate.java</file>
            <file>file:/C:/Users/Acer/Desktop/New%20folder%20(3)/library%20system/src/welcomepage.java</file>
            <file>file:/C:/Users/Acer/Desktop/New%20folder%20(3)/library%20system/src/feessheet.java</file>
            <file>file:/C:/Users/Acer/Desktop/New%20folder%20(3)/library%20system/src/donation.java</file>
            <file>file:/C:/Users/Acer/Desktop/New%20folder%20(3)/library%20system/src/memberregistration1.java</file>
            <file>file:/C:/Users/Acer/Desktop/New%20folder%20(3)/library%20system/src/employeedetails.java</file>
            <file>file:/C:/Users/Acer/Desktop/New%20folder%20(3)/library%20system/src/issuesbook.java</file>
            <file>file:/C:/Users/Acer/Desktop/New%20folder%20(3)/library%20system/src/returnbook.java</file>
            <file>file:/C:/Users/Acer/Desktop/New%20folder%20(3)/library%20system/src/reservationdetails.java</file>
            <file>file:/C:/Users/Acer/Desktop/New%20folder%20(3)/library%20system/src/bookregistration.java</file>
        </group>
    </open-files>
</project-private>
